{"cameraMode":{"drawMode":0,"name":"Shaded","section":"Shading Mode"},"sceneLighting":false,"audioPlay":false,"sceneViewState":{"m_AlwaysRefresh":true,"showFog":true,"showSkybox":true,"showFlares":true,"showImageEffects":true,"showParticleSystems":true,"showVisualEffectGraphs":true,"m_FxEnabled":true},"in2DMode":false,"pivot":{"x":2.729998826980591,"y":-1.7268397808074952,"z":-0.027255959808826448},"rotation":{"x":-0.14957231283187867,"y":0.6290807127952576,"z":-0.1250418871641159,"w":-0.7525088787078857},"size":21.199880599975587,"orthographic":false}