{"cameraMode":{"drawMode":0,"name":"Shaded","section":"Shading Mode"},"sceneLighting":false,"audioPlay":false,"sceneViewState":{"m_AlwaysRefresh":true,"showFog":true,"showSkybox":true,"showFlares":true,"showImageEffects":true,"showParticleSystems":true,"showVisualEffectGraphs":true,"m_FxEnabled":true},"in2DMode":false,"pivot":{"x":-4.80666446685791,"y":14.723308563232422,"z":1.6030387878417969},"rotation":{"x":0.4240815341472626,"y":-0.013583550229668618,"z":0.0063616507686674599,"w":0.9055004119873047},"size":10.542529106140137,"orthographic":false}