{"cameraMode":{"drawMode":0,"name":"Shaded","section":"Shading Mode"},"sceneLighting":false,"audioPlay":false,"sceneViewState":{"m_AlwaysRefresh":true,"showFog":true,"showSkybox":true,"showFlares":true,"showImageEffects":true,"showParticleSystems":true,"showVisualEffectGraphs":true,"m_FxEnabled":true},"in2DMode":false,"pivot":{"x":-9.195194244384766,"y":-5.6580610275268559,"z":21.38881492614746},"rotation":{"x":0.17016106843948365,"y":-0.008868622593581677,"z":0.0015314918709918857,"w":0.9853756427764893},"size":22.68185043334961,"orthographic":false}