{"cameraMode":{"drawMode":0,"name":"Shaded","section":"Shading Mode"},"sceneLighting":false,"audioPlay":false,"sceneViewState":{"m_AlwaysRefresh":true,"showFog":true,"showSkybox":true,"showFlares":true,"showImageEffects":true,"showParticleSystems":true,"showVisualEffectGraphs":true,"m_FxEnabled":true},"in2DMode":false,"pivot":{"x":53.899051666259769,"y":73.79694366455078,"z":-173.62051391601563},"rotation":{"x":0.13371609151363374,"y":-0.14571887254714967,"z":0.019884103909134866,"w":0.980061948299408},"size":13.236861228942871,"orthographic":true}