{"cameraMode":{"drawMode":0,"name":"Shaded","section":"Shading Mode"},"sceneLighting":false,"audioPlay":false,"sceneViewState":{"m_AlwaysRefresh":true,"showFog":true,"showSkybox":true,"showFlares":true,"showImageEffects":true,"showParticleSystems":true,"showVisualEffectGraphs":true,"m_FxEnabled":true},"in2DMode":false,"pivot":{"x":475.2700500488281,"y":285.1044921875,"z":0.10272216796875},"rotation":{"x":-0.0014999445993453265,"y":-0.005703337490558624,"z":-0.000008580871508456767,"w":0.9999825358390808},"size":350.5635070800781,"orthographic":true}